﻿example_cond_1,example_cond_2,thisN,thisTrialN,thisRepN,trials.thisRepN,trials.thisTrialN,trials.thisN,trials.thisIndex,thisRow.t,notes,instructions.started,randomization_test.started,example_instructions.started,key_resp.started,instructions.stopped,key_resp.keys,key_resp.rt,key_resp.duration,fixation.started,fixation_cross.started,fixation.stopped,trial.started,example_stim.started,trial.stopped,participant,session,date,expName,psychopyVersion,frameRate,expStart,
,,,,,,,,,,,0.008277300003101118,0.023317400002270006,0.023317400002270006,0.023317400002270006,1.1331204000016442,space,1.0984315999958199,None,,,,,,,687999,001,2025-01-10_11h04.42.664,template_eeg,2024.2.2,59.920174344529684,2025-01-10 11h04.47.553262 +0100,
0,0,0,0,0,0,0,0,0,1.1562359999952605,,,,,,,,,,1.1404830999963451,1.1562359999952605,1.642983900004765,1.6469983999995748,1.6567089000018314,2.643738200000371,687999,001,2025-01-10_11h04.42.664,template_eeg,2024.2.2,59.920174344529684,2025-01-10 11h04.47.553262 +0100,
1,1,1,1,0,0,1,1,1,2.6579245000029914,,,,,,,,,,2.643852000008337,2.6579245000029914,3.1437495999998646,3.1460103999997955,3.1579755999991903,4.144091099995421,687999,001,2025-01-10_11h04.42.664,template_eeg,2024.2.2,59.920174344529684,2025-01-10 11h04.47.553262 +0100,
1,1,2,0,1,1,0,2,1,4.158947600008105,,,,,,,,,,4.144201500006602,4.158947600008105,4.645241699996404,4.648480500007281,4.6590644999960205,,,,,,,,,
